created_at,created_by,updated_at,updated_by,token_feed_id,token_address,chain_name,data_provider_name,data_feed_type,token_symbol,token_name,token_category,current_price_in_sol,current_price_in_usd,current_market_cap,current_volume,current_liquidity,price_change_percent_1_hr,price_change_percent_4_hr,price_change_percent_24_hr,volume_change_percent_1_hr,volume_change_percent_4_hr,volume_change_percent_24_hr,market_cap_change_percent_1_hr,market_cap_change_percent_4_hr,market_cap_change_percent_24_hr,last_trade_time,supply,circulating_supply,holder_count,date,feed_counter,unix_timestamp,source_time,request_time,provider_raw_data,token_type
2025-07-20 10:23:29.957+00,NULL,NULL,NULL,bad47d4b-3cbb-47df-a862-bd867966e901,GJtJuWD9qYcCkrwMBmtY1tpapV1sKfB2zUv9Q4aqpump,solana,Helius,WebHook,$RIF,Rifampicin,New,1.37E-05,6.43E-05,64284.26227,NULL,NULL,NULL,NULL,NULL,NULL,NULL,NULL,NULL,NULL,NULL,NULL,999649150.1,NULL,NULL,20-07-2025,NULL,1753007003,2025-07-20 10:23:23+00,2025-07-20 10:23:29.952+00,NULL,NULL
2025-07-20 10:23:29.952+00,NULL,NULL,NULL,75a456fb-7f37-4a47-8140-18156b4dbd9c,GJtJuWD9qYcCkrwMBmtY1tpapV1sKfB2zUv9Q4aqpump,solana,Helius,WebHook,$RIF,Rifampicin,New,1.37E-05,6.43E-05,64284.26227,NULL,NULL,NULL,NULL,NULL,NULL,NULL,NULL,NULL,NULL,NULL,NULL,999649150.1,NULL,NULL,20-07-2025,NULL,1753007003,2025-07-20 10:23:23+00,2025-07-20 10:23:29.947+00,NULL,NULL
2025-07-20 10:21:41.317+00,NULL,NULL,NULL,7ab05ade-73a0-46ed-a092-ddc4f6c325bd,6ogzHhzdrQr9Pgv6hZ2MNze7UrzBMAFyBBWUYp1Fhitx,solana,Helius,WebHook,RETARDIO,RETARDIO,New,0.000123639,0.000581494,581227.3752,NULL,NULL,NULL,2.919086176,-2.953247492,NULL,NULL,NULL,NULL,2.919086176,-2.953247492,NULL,999540813.2,NULL,NULL,20-07-2025,NULL,1753006895,2025-07-20 10:21:35+00,2025-07-20 10:21:41.309+00,NULL,NULL
2025-07-20 10:21:41.31+00,NULL,NULL,NULL,c5abc208-ca38-4e00-8792-9f7e1075022b,6ogzHhzdrQr9Pgv6hZ2MNze7UrzBMAFyBBWUYp1Fhitx,solana,Helius,WebHook,RETARDIO,RETARDIO,New,0.000123639,0.000581494,581227.3752,NULL,NULL,NULL,2.919086176,-2.953247492,NULL,NULL,NULL,NULL,2.919086176,-2.953247492,NULL,999540813.2,NULL,NULL,20-07-2025,NULL,1753006895,2025-07-20 10:21:35+00,2025-07-20 10:21:41.304+00,NULL,NULL
2025-07-20 10:08:02.705+00,NULL,NULL,NULL,ec730a10-1391-4d69-ad0d-3e3c004162be,7D1iYWfhw2cr9yBZBFE6nZaaSUvXHqG5FizFFEZwpump,solana,Helius,WebHook,YNE,yesnoerror,New,3.82E-05,0.000179688,179686.6491,NULL,NULL,NULL,NULL,NULL,NULL,NULL,NULL,NULL,NULL,NULL,NULL,999993016.3,NULL,NULL,20-07-2025,NULL,1753006074,2025-07-20 10:07:54+00,2025-07-20 10:08:02.698+00,NULL,NULL
2025-07-20 10:08:02.703+00,NULL,NULL,NULL,b43947cc-031f-48b2-b64b-3563b5aaa0d3,7D1iYWfhw2cr9yBZBFE6nZaaSUvXHqG5FizFFEZwpump,solana,Helius,WebHook,YNE,yesnoerror,New,3.82E-05,0.000179688,179686.6491,NULL,NULL,NULL,NULL,NULL,NULL,NULL,NULL,NULL,NULL,NULL,NULL,999993016.3,NULL,NULL,20-07-2025,NULL,1753006074,2025-07-20 10:07:54+00,2025-07-20 10:08:02.697+00,NULL,NULL
2025-07-20 09:36:49.351+00,NULL,NULL,NULL,7671120a-f563-46ae-ac5c-a137477c308e,CreiuhfwdWCN5mJbMJtA9bBpYQrQF2tCBuZwSPWfpump,solana,Helius,WebHook,PYTHIA,PYTHIA,New,0.000440576,0.002072105,2072070.53,NULL,NULL,-0.58536362,-0.58536362,1.819764514,NULL,NULL,NULL,-0.58536362,-0.58536362,1.819764514,NULL,999983326,NULL,NULL,20-07-2025,NULL,1753004201,2025-07-20 09:36:41+00,2025-07-20 09:36:49.344+00,NULL,NULL
2025-07-20 09:36:49.35+00,NULL,NULL,NULL,083e5f1c-29ed-4e20-9d5d-8ca042168fbc,CreiuhfwdWCN5mJbMJtA9bBpYQrQF2tCBuZwSPWfpump,solana,Helius,WebHook,PYTHIA,PYTHIA,New,0.000440576,0.002072105,2072070.53,NULL,NULL,-0.58536362,-0.58536362,1.819764514,NULL,NULL,NULL,-0.58536362,-0.58536362,1.819764514,NULL,999983326,NULL,NULL,20-07-2025,NULL,1753004201,2025-07-20 09:36:41+00,2025-07-20 09:36:49.344+00,NULL,NULL
2025-07-20 09:29:54.826+00,NULL,NULL,NULL,b82ce8a7-7f8e-47ab-8882-7898e745839c,oraim8c9d1nkfuQk9EzGYEUGxqL3MHQYndRw1huVo5h,solana,Helius,WebHook,MAX,MAX,New,5.01E-05,0.00023583,235756.7296,NULL,NULL,NULL,NULL,8.447785352,NULL,NULL,NULL,NULL,NULL,8.447785352,NULL,999691029.8,NULL,NULL,20-07-2025,NULL,1753003787,2025-07-20 09:29:47+00,2025-07-20 09:29:54.82+00,NULL,NULL
2025-07-20 09:29:54.823+00,NULL,NULL,NULL,b9eb9cc7-e4de-49b9-ab07-e7e904c57e8e,oraim8c9d1nkfuQk9EzGYEUGxqL3MHQYndRw1huVo5h,solana,Helius,WebHook,MAX,MAX,New,5.01E-05,0.00023583,235756.7296,NULL,NULL,NULL,NULL,8.447785352,NULL,NULL,NULL,NULL,NULL,8.447785352,NULL,999691029.8,NULL,NULL,20-07-2025,NULL,1753003787,2025-07-20 09:29:47+00,2025-07-20 09:29:54.816+00,NULL,NULL
2025-07-20 09:24:13.408+00,NULL,NULL,NULL,73e124f8-150f-4e3b-a3eb-34e74c03640c,CreiuhfwdWCN5mJbMJtA9bBpYQrQF2tCBuZwSPWfpump,solana,Helius,WebHook,PYTHIA,PYTHIA,New,0.00044317,0.002084306,2084271.095,NULL,NULL,NULL,NULL,2.419289776,NULL,NULL,NULL,NULL,NULL,2.419289776,NULL,999983326,NULL,NULL,20-07-2025,NULL,1753003446,2025-07-20 09:24:06+00,2025-07-20 09:24:13.401+00,NULL,NULL
2025-07-20 09:24:13.406+00,NULL,NULL,NULL,b5631517-0a64-46fc-ac25-6e58384f64d6,CreiuhfwdWCN5mJbMJtA9bBpYQrQF2tCBuZwSPWfpump,solana,Helius,WebHook,PYTHIA,PYTHIA,New,0.00044317,0.002084306,2084271.095,NULL,NULL,NULL,NULL,2.419289776,NULL,NULL,NULL,NULL,NULL,2.419289776,NULL,999983326,NULL,NULL,20-07-2025,NULL,1753003446,2025-07-20 09:24:06+00,2025-07-20 09:24:13.4+00,NULL,NULL
2025-07-20 08:53:02.1+00,NULL,NULL,NULL,a0bcb09e-d4cb-40fb-9e9c-21194acaa969,7ZCm8WBN9aLa3o47SoYctU6iLdj7wkGG5SV2hE5CgtD5,solana,Helius,WebHook,ELON,Dogelon (Wormhole),New,7.07E-10,3.33E-09,24305.19061,NULL,NULL,-0.24931409,-0.24931409,-0.539678069,NULL,NULL,NULL,-0.24931409,-0.24931409,-0.539678069,NULL,7.30756E+12,NULL,NULL,20-07-2025,NULL,1753001575,2025-07-20 08:52:55+00,2025-07-20 08:53:02.096+00,NULL,NULL
2025-07-20 08:53:02.042+00,NULL,NULL,NULL,acdaf5d6-5a00-42d3-99b3-6a46861a5a09,7ZCm8WBN9aLa3o47SoYctU6iLdj7wkGG5SV2hE5CgtD5,solana,Helius,WebHook,ELON,Dogelon (Wormhole),New,7.07E-10,3.33E-09,24305.19061,NULL,NULL,-0.24931409,-0.24931409,-0.539678069,NULL,NULL,NULL,-0.24931409,-0.24931409,-0.539678069,NULL,7.30756E+12,NULL,NULL,20-07-2025,NULL,1753001575,2025-07-20 08:52:55+00,2025-07-20 08:53:02.037+00,NULL,NULL
2025-07-20 08:52:29.862+00,NULL,NULL,NULL,81405dfb-9ca2-40e8-9150-caacfba5f791,2GPJhV9jNrj7TaLYMRgWkcy6sTKLcwntv7nZ7qDyMRGM,solana,Helius,WebHook,bis,Believe In Something,New,5.51E-06,2.59E-05,25910.81582,NULL,NULL,3.324655608,3.324655608,3.324655608,NULL,NULL,NULL,3.324655608,3.324655608,3.324655608,NULL,999694759.4,NULL,NULL,20-07-2025,NULL,1753001542,2025-07-20 08:52:22+00,2025-07-20 08:52:29.856+00,NULL,NULL
2025-07-20 08:52:29.859+00,NULL,NULL,NULL,e82dc30d-6705-456f-adb3-770b2bd76f97,2GPJhV9jNrj7TaLYMRgWkcy6sTKLcwntv7nZ7qDyMRGM,solana,Helius,WebHook,bis,Believe In Something,New,5.51E-06,2.59E-05,25910.81582,NULL,NULL,3.324655608,3.324655608,3.324655608,NULL,NULL,NULL,3.324655608,3.324655608,3.324655608,NULL,999694759.4,NULL,NULL,20-07-2025,NULL,1753001542,2025-07-20 08:52:22+00,2025-07-20 08:52:29.855+00,NULL,NULL
2025-07-20 08:51:44.335+00,NULL,NULL,NULL,1c7d1275-55b1-4d7e-acdc-9da3a7232387,2GPJhV9jNrj7TaLYMRgWkcy6sTKLcwntv7nZ7qDyMRGM,solana,Helius,WebHook,bis,Believe In Something,New,5.33E-06,2.51E-05,25077.08898,NULL,NULL,NULL,NULL,-20.05756107,NULL,NULL,NULL,NULL,NULL,-20.05756107,NULL,999694759.4,NULL,NULL,20-07-2025,NULL,1753001497,2025-07-20 08:51:37+00,2025-07-20 08:51:44.33+00,NULL,NULL
2025-07-20 08:40:15.801+00,NULL,NULL,NULL,6039328a-c712-4f4e-9bf1-838710d706a4,7ZCm8WBN9aLa3o47SoYctU6iLdj7wkGG5SV2hE5CgtD5,solana,Helius,WebHook,ELON,Dogelon (Wormhole),New,7.09E-10,3.33E-09,24365.93833,NULL,NULL,0,0,-0.291089707,NULL,NULL,NULL,0,0,-0.291089707,NULL,7.30756E+12,NULL,NULL,20-07-2025,NULL,1753000807,2025-07-20 08:40:07+00,2025-07-20 08:40:15.796+00,NULL,NULL
2025-07-20 08:40:15.787+00,NULL,NULL,NULL,d1bd1207-59e6-4e79-9d7f-74c8cadf562a,7ZCm8WBN9aLa3o47SoYctU6iLdj7wkGG5SV2hE5CgtD5,solana,Helius,WebHook,ELON,Dogelon (Wormhole),New,7.09E-10,3.33E-09,24365.93833,NULL,NULL,NULL,NULL,-0.291089707,NULL,NULL,NULL,NULL,NULL,-0.291089707,NULL,7.30756E+12,NULL,NULL,20-07-2025,NULL,1753000807,2025-07-20 08:40:07+00,2025-07-20 08:40:15.782+00,NULL,NULL
2025-07-20 08:30:55.901+00,NULL,NULL,NULL,d0708882-c0da-48a4-8ade-a451cf115347,8XtRWb4uAAJFMP4QQhoYYCWR6XXb7ybcCdiqPwz9s5WS,solana,Helius,WebHook,ALON,alon,New,3.26E-05,0.000153343,153027.1594,NULL,NULL,NULL,NULL,-5.816888211,NULL,NULL,NULL,NULL,NULL,-5.816888211,NULL,997941428.2,NULL,NULL,20-07-2025,NULL,1753000248,2025-07-20 08:30:48+00,2025-07-20 08:30:55.894+00,NULL,NULL
2025-07-20 08:23:04.431+00,NULL,NULL,NULL,8af5a344-75a2-4a1c-a68c-733eb845ede5,CniPCE4b3s8gSUPhUiyMjXnytrEqUrMfSsnbBjLCpump,solana,Helius,WebHook,pwease,PWEASE,New,2.01E-05,9.44E-05,94422.95816,NULL,NULL,NULL,NULL,NULL,NULL,NULL,NULL,NULL,NULL,NULL,NULL,999964581.4,NULL,NULL,20-07-2025,NULL,1752999777,2025-07-20 08:22:57+00,2025-07-20 08:23:04.422+00,NULL,NULL
2025-07-20 07:30:58.769+00,NULL,NULL,NULL,3398be12-f330-42ec-929b-86f3c42cacc8,4TUNzcgp2fPD48fcW4seRjyqyDZMrPj4ZubnXFEsKeYk,solana,Helius,WebHook,PRNT,PRNT,New,2.58E-07,1.22E-06,4364.745125,NULL,NULL,NULL,NULL,NULL,NULL,NULL,NULL,NULL,NULL,NULL,NULL,3591317621,NULL,NULL,20-07-2025,NULL,1752996650,2025-07-20 07:30:50+00,2025-07-20 07:30:58.764+00,NULL,NULL
2025-07-20 07:30:58.769+00,NULL,NULL,NULL,7fb887c6-716e-44e1-bcf0-e68ba83130d0,4TUNzcgp2fPD48fcW4seRjyqyDZMrPj4ZubnXFEsKeYk,solana,Helius,WebHook,PRNT,PRNT,New,2.58E-07,1.22E-06,4364.745125,NULL,NULL,NULL,NULL,NULL,NULL,NULL,NULL,NULL,NULL,NULL,NULL,3591317621,NULL,NULL,20-07-2025,NULL,1752996650,2025-07-20 07:30:50+00,2025-07-20 07:30:58.763+00,NULL,NULL
2025-07-20 07:23:42.844+00,NULL,NULL,NULL,cc5ea93a-a35a-41b2-9c14-92c20104db7d,6ogzHhzdrQr9Pgv6hZ2MNze7UrzBMAFyBBWUYp1Fhitx,solana,Helius,WebHook,RETARDIO,RETARDIO,New,0.000120132,0.000565002,564742.0676,NULL,NULL,NULL,0,-5.705777117,NULL,NULL,NULL,NULL,0,-5.705777117,NULL,999540813.2,NULL,NULL,20-07-2025,NULL,1752996216,2025-07-20 07:23:36+00,2025-07-20 07:23:42.836+00,NULL,NULL
2025-07-20 07:23:42.82+00,NULL,NULL,NULL,959515f2-f88f-4f4b-b675-b092c206582a,6ogzHhzdrQr9Pgv6hZ2MNze7UrzBMAFyBBWUYp1Fhitx,solana,Helius,WebHook,RETARDIO,RETARDIO,New,0.000120132,0.000565002,564742.0676,NULL,NULL,NULL,NULL,-5.705777117,NULL,NULL,NULL,NULL,NULL,-5.705777117,NULL,999540813.2,NULL,NULL,20-07-2025,NULL,1752996216,2025-07-20 07:23:36+00,2025-07-20 07:23:42.813+00,NULL,NULL
2025-07-20 07:02:05.085+00,NULL,NULL,NULL,1726309d-e017-411a-bc6e-cd571d10aeff,ACeWC77UeW2DBZMe7YBsuXoxLvk4dHMnPzneApau1Au6,solana,Helius,WebHook,AI,Any Inu (Wormhole),New,4.90E-11,2.30E-10,15.64246305,NULL,NULL,0,0,0,NULL,NULL,NULL,0,0,0,NULL,67918431542,NULL,NULL,20-07-2025,NULL,1752994917,2025-07-20 07:01:57+00,2025-07-20 07:02:05.074+00,NULL,NULL
2025-07-20 07:02:05.039+00,NULL,NULL,NULL,342183e8-ad4a-45a9-ac34-48f19d768a92,ACeWC77UeW2DBZMe7YBsuXoxLvk4dHMnPzneApau1Au6,solana,Helius,WebHook,AI,Any Inu (Wormhole),New,4.90E-11,2.30E-10,15.64246305,NULL,NULL,NULL,NULL,NULL,NULL,NULL,NULL,NULL,NULL,NULL,NULL,67918431542,NULL,NULL,20-07-2025,NULL,1752994917,2025-07-20 07:01:57+00,2025-07-20 07:02:05.032+00,NULL,NULL
2025-07-20 06:33:17.218+00,NULL,NULL,NULL,ea2b44ad-8d34-4ff3-950d-386191219a70,bobaM3u8QmqZhY1HwAtnvze9DLXvkgKYk3td3t8MLva,solana,Helius,WebHook,BOBAOPPA,Boba Oppa,New,3.97E-06,1.87E-05,373374.4488,NULL,NULL,0,-1.755460741,-1.755460741,NULL,NULL,NULL,0,-1.755460741,-1.755460741,NULL,19999998896,NULL,NULL,20-07-2025,NULL,1752993189,2025-07-20 06:33:09+00,2025-07-20 06:33:17.213+00,NULL,NULL
2025-07-20 06:33:17.197+00,NULL,NULL,NULL,634f5a8c-0b02-4293-95bb-0ab5425612f6,bobaM3u8QmqZhY1HwAtnvze9DLXvkgKYk3td3t8MLva,solana,Helius,WebHook,BOBAOPPA,Boba Oppa,New,3.97E-06,1.87E-05,373374.4488,NULL,NULL,NULL,-1.755460741,-1.755460741,NULL,NULL,NULL,NULL,-1.755460741,-1.755460741,NULL,19999998896,NULL,NULL,20-07-2025,NULL,1752993189,2025-07-20 06:33:09+00,2025-07-20 06:33:17.191+00,NULL,NULL
2025-07-20 05:49:15.254+00,NULL,NULL,NULL,d8543872-7848-4536-89b9-289e60dfafbf,CboMcTUYUcy9E6B3yGdFn6aEsGUnYV6yWeoeukw6pump,solana,Helius,WebHook,Butthole,Butthole Coin,New,6.82E-05,0.000320756,320750.5435,NULL,NULL,-0.547022422,-0.547022422,-0.547022422,NULL,NULL,NULL,-0.547022422,-0.547022422,-0.547022422,NULL,999981738.3,NULL,NULL,20-07-2025,NULL,1752990548,2025-07-20 05:49:08+00,2025-07-20 05:49:15.248+00,NULL,NULL
2025-07-20 05:49:15.253+00,NULL,NULL,NULL,2d4b1739-2d3b-41ea-ac6f-95853b819e1a,CboMcTUYUcy9E6B3yGdFn6aEsGUnYV6yWeoeukw6pump,solana,Helius,WebHook,Butthole,Butthole Coin,New,6.82E-05,0.000320756,320750.5435,NULL,NULL,-0.547022422,-0.547022422,-0.547022422,NULL,NULL,NULL,-0.547022422,-0.547022422,-0.547022422,NULL,999981738.3,NULL,NULL,20-07-2025,NULL,1752990548,2025-07-20 05:49:08+00,2025-07-20 05:49:15.247+00,NULL,NULL
2025-07-20 05:46:54.272+00,NULL,NULL,NULL,74ad9099-00f4-4de8-b056-cfe17878bd90,CboMcTUYUcy9E6B3yGdFn6aEsGUnYV6yWeoeukw6pump,solana,Helius,WebHook,Butthole,Butthole Coin,New,6.78E-05,0.000319101,319095.0972,NULL,NULL,-1.060315595,-1.060315595,-1.060315595,NULL,NULL,NULL,-1.060315595,-1.060315595,-1.060315595,NULL,999981738.3,NULL,NULL,20-07-2025,NULL,1752990407,2025-07-20 05:46:47+00,2025-07-20 05:46:54.267+00,NULL,NULL
2025-07-20 05:46:54.27+00,NULL,NULL,NULL,27217799-955c-4a28-808a-43665e214fc3,CboMcTUYUcy9E6B3yGdFn6aEsGUnYV6yWeoeukw6pump,solana,Helius,WebHook,Butthole,Butthole Coin,New,6.78E-05,0.000319101,319095.0972,NULL,NULL,-1.060315595,-1.060315595,-1.060315595,NULL,NULL,NULL,-1.060315595,-1.060315595,-1.060315595,NULL,999981738.3,NULL,NULL,20-07-2025,NULL,1752990407,2025-07-20 05:46:47+00,2025-07-20 05:46:54.264+00,NULL,NULL
2025-07-20 05:29:41.278+00,NULL,NULL,NULL,9d94905b-bf09-4fda-9d76-4f92e8c575a6,CboMcTUYUcy9E6B3yGdFn6aEsGUnYV6yWeoeukw6pump,solana,Helius,WebHook,Butthole,Butthole Coin,New,6.86E-05,0.000322521,322514.7716,NULL,NULL,NULL,NULL,NULL,NULL,NULL,NULL,NULL,NULL,NULL,NULL,999981738.3,NULL,NULL,20-07-2025,NULL,1752989374,2025-07-20 05:29:34+00,2025-07-20 05:29:41.273+00,NULL,NULL
2025-07-20 05:29:41.276+00,NULL,NULL,NULL,f804f715-064b-4021-84d6-5d8ae0822e94,CboMcTUYUcy9E6B3yGdFn6aEsGUnYV6yWeoeukw6pump,solana,Helius,WebHook,Butthole,Butthole Coin,New,6.86E-05,0.000322521,322514.7716,NULL,NULL,NULL,NULL,NULL,NULL,NULL,NULL,NULL,NULL,NULL,NULL,999981738.3,NULL,NULL,20-07-2025,NULL,1752989374,2025-07-20 05:29:34+00,2025-07-20 05:29:41.27+00,NULL,NULL
2025-07-20 05:27:55.453+00,NULL,NULL,NULL,5a90a9b4-d7d3-4757-ba71-57ed92df2c55,So11111111111111111111111111111111111111112,solana,Helius,WebHook,SOL,Wrapped SOL,New,1,4.703174603,2796181707,NULL,NULL,0,0,19900.00041,NULL,NULL,NULL,0,0,19900.00041,NULL,594530703.8,NULL,NULL,20-07-2025,NULL,1752989269,2025-07-20 05:27:49+00,2025-07-20 05:27:55.45+00,NULL,NULL
2025-07-20 05:27:55.439+00,NULL,NULL,NULL,5999e007-8eec-4a6b-845c-9fe9f41ec51f,So11111111111111111111111111111111111111112,solana,Helius,WebHook,SOL,Wrapped SOL,New,1,4.703174603,2796181707,NULL,NULL,0,0,19900.00041,NULL,NULL,NULL,0,0,19900.00041,NULL,594530703.8,NULL,NULL,20-07-2025,NULL,1752989269,2025-07-20 05:27:49+00,2025-07-20 05:27:55.435+00,NULL,NULL
2025-07-20 05:27:42.579+00,NULL,NULL,NULL,a2b6bd01-b037-46f5-ba0c-66433b2811aa,So11111111111111111111111111111111111111112,solana,Helius,WebHook,SOL,Wrapped SOL,New,1,4.703174603,2796181707,NULL,NULL,0,0,19900.00041,NULL,NULL,NULL,0,0,19900.00041,NULL,594530703.8,NULL,NULL,20-07-2025,NULL,1752989256,2025-07-20 05:27:36+00,2025-07-20 05:27:42.575+00,NULL,NULL
2025-07-20 05:27:42.559+00,NULL,NULL,NULL,c4e2029b-a486-4fd6-b6ba-68df06adb588,So11111111111111111111111111111111111111112,solana,Helius,WebHook,SOL,Wrapped SOL,New,1,4.703174603,2796181707,NULL,NULL,NULL,NULL,19900.00041,NULL,NULL,NULL,NULL,NULL,19900.00041,NULL,594530703.8,NULL,NULL,20-07-2025,NULL,1752989256,2025-07-20 05:27:36+00,2025-07-20 05:27:42.554+00,NULL,NULL
2025-07-20 05:11:29.871+00,NULL,NULL,NULL,c1e2757b-8b3d-4026-b322-18a283b6c828,E1jCTXdkMRoawoWoqfbhiNkkLbxcSHPssMo36U84pump,solana,Helius,WebHook,GFM,GoFundMeme,New,1.44E-05,6.76E-05,67601.80959,NULL,NULL,0.512647639,0.512647639,-36.84086675,NULL,NULL,NULL,0.512647639,0.512647639,-36.84086675,NULL,999992223.4,NULL,NULL,20-07-2025,NULL,1752988283,2025-07-20 05:11:23+00,2025-07-20 05:11:29.864+00,NULL,NULL
2025-07-20 05:11:29.69+00,NULL,NULL,NULL,a3fd8d05-7c47-430d-8796-b645ccd19b6f,E1jCTXdkMRoawoWoqfbhiNkkLbxcSHPssMo36U84pump,solana,Helius,WebHook,GFM,GoFundMeme,New,1.44E-05,6.76E-05,67601.80959,NULL,NULL,0.512647639,0.512647639,-36.84086675,NULL,NULL,NULL,0.512647639,0.512647639,-36.84086675,NULL,999992223.4,NULL,NULL,20-07-2025,NULL,1752988283,2025-07-20 05:11:23+00,2025-07-20 05:11:29.682+00,NULL,NULL
2025-07-20 04:57:55.483+00,NULL,NULL,NULL,aa3d665a-c430-4f71-aa11-135c7efc19c9,E1jCTXdkMRoawoWoqfbhiNkkLbxcSHPssMo36U84pump,solana,Helius,WebHook,GFM,GoFundMeme,New,1.43E-05,6.73E-05,67257.01807,NULL,NULL,0,0,-37.16299915,NULL,NULL,NULL,0,0,-37.16299915,NULL,999992223.4,NULL,NULL,20-07-2025,NULL,1752987469,2025-07-20 04:57:49+00,2025-07-20 04:57:55.475+00,NULL,NULL
2025-07-20 04:57:55.299+00,NULL,NULL,NULL,0c345721-18af-4ece-93a0-36b4a3a27c79,E1jCTXdkMRoawoWoqfbhiNkkLbxcSHPssMo36U84pump,solana,Helius,WebHook,GFM,GoFundMeme,New,1.43E-05,6.73E-05,67257.01807,NULL,NULL,NULL,-9.329868543,-37.16299915,NULL,NULL,NULL,NULL,-9.329868543,-37.16299915,NULL,999992223.4,NULL,NULL,20-07-2025,NULL,1752987469,2025-07-20 04:57:49+00,2025-07-20 04:57:55.292+00,NULL,NULL
2025-07-20 04:50:46.941+00,NULL,NULL,NULL,ba496cd6-b69a-4862-b0d0-350f58cb4dbd,oraim8c9d1nkfuQk9EzGYEUGxqL3MHQYndRw1huVo5h,solana,Helius,WebHook,MAX,MAX,New,4.62E-05,0.000217459,217391.9263,NULL,NULL,NULL,NULL,NULL,NULL,NULL,NULL,NULL,NULL,NULL,NULL,999691029.8,NULL,NULL,20-07-2025,NULL,1752987039,2025-07-20 04:50:39+00,2025-07-20 04:50:46.934+00,NULL,NULL
2025-07-20 04:50:46.94+00,NULL,NULL,NULL,1f24b533-c063-42e4-b14c-450eb5321369,oraim8c9d1nkfuQk9EzGYEUGxqL3MHQYndRw1huVo5h,solana,Helius,WebHook,MAX,MAX,New,4.62E-05,0.000217459,217391.9263,NULL,NULL,NULL,NULL,NULL,NULL,NULL,NULL,NULL,NULL,NULL,NULL,999691029.8,NULL,NULL,20-07-2025,NULL,1752987039,2025-07-20 04:50:39+00,2025-07-20 04:50:46.934+00,NULL,NULL
2025-07-20 04:20:34.83+00,NULL,NULL,NULL,56d839df-4f35-44de-ad6b-3e5091e233f3,7ZCm8WBN9aLa3o47SoYctU6iLdj7wkGG5SV2hE5CgtD5,solana,Helius,WebHook,ELON,Dogelon (Wormhole),New,7.11E-10,3.34E-09,24437.07213,NULL,NULL,0,0,0,NULL,NULL,NULL,0,0,0,NULL,7.30756E+12,NULL,NULL,20-07-2025,NULL,1752985227,2025-07-20 04:20:27+00,2025-07-20 04:20:34.824+00,NULL,NULL
2025-07-20 04:20:34.739+00,NULL,NULL,NULL,2c45a889-85aa-484a-9c50-3aa8b4755a0f,7ZCm8WBN9aLa3o47SoYctU6iLdj7wkGG5SV2hE5CgtD5,solana,Helius,WebHook,ELON,Dogelon (Wormhole),New,7.11E-10,3.34E-09,24437.07213,NULL,NULL,NULL,NULL,-1.017533104,NULL,NULL,NULL,NULL,NULL,-1.017533104,NULL,7.30756E+12,NULL,NULL,20-07-2025,NULL,1752985227,2025-07-20 04:20:27+00,2025-07-20 04:20:34.734+00,NULL,NULL
2025-07-20 04:07:31.515+00,NULL,NULL,NULL,1851f01b-d969-4936-bce1-101daa4013f1,bobaM3u8QmqZhY1HwAtnvze9DLXvkgKYk3td3t8MLva,solana,Helius,WebHook,BOBAOPPA,Boba Oppa,New,4.04E-06,1.90E-05,380046.0072,NULL,NULL,NULL,NULL,19.42674718,NULL,NULL,NULL,NULL,NULL,19.42674718,NULL,19999998896,NULL,NULL,20-07-2025,NULL,1752984444,2025-07-20 04:07:24+00,2025-07-20 04:07:31.511+00,NULL,NULL
2025-07-20 04:07:31.514+00,NULL,NULL,NULL,84f0b77a-e047-4569-89bb-31e69f29ddcd,bobaM3u8QmqZhY1HwAtnvze9DLXvkgKYk3td3t8MLva,solana,Helius,WebHook,BOBAOPPA,Boba Oppa,New,4.04E-06,1.90E-05,380046.0072,NULL,NULL,NULL,NULL,19.42674718,NULL,NULL,NULL,NULL,NULL,19.42674718,NULL,19999998896,NULL,NULL,20-07-2025,NULL,1752984444,2025-07-20 04:07:24+00,2025-07-20 04:07:31.51+00,NULL,NULL
2025-07-20 04:06:32.711+00,NULL,NULL,NULL,a942a2e2-9eaf-4482-baa4-b0d9359265c8,Df6yfrKC8kZE3KNkrHERKzAetSxbrWeniQfyJY4Jpump,solana,Helius,WebHook,CHILLGUY,Just a chill guy,New,0.000377708,0.001776427,1776349.632,NULL,NULL,NULL,NULL,2.550835865,NULL,NULL,NULL,NULL,NULL,2.550835865,NULL,999956290.2,NULL,NULL,20-07-2025,NULL,1752984386,2025-07-20 04:06:26+00,2025-07-20 04:06:32.706+00,NULL,NULL
2025-07-20 04:06:32.711+00,NULL,NULL,NULL,dee65364-f4ee-4736-bbfd-36ad42e759e6,Df6yfrKC8kZE3KNkrHERKzAetSxbrWeniQfyJY4Jpump,solana,Helius,WebHook,CHILLGUY,Just a chill guy,New,0.000377708,0.001776427,1776349.632,NULL,NULL,NULL,NULL,2.550835865,NULL,NULL,NULL,NULL,NULL,2.550835865,NULL,999956290.2,NULL,NULL,20-07-2025,NULL,1752984386,2025-07-20 04:06:26+00,2025-07-20 04:06:32.705+00,NULL,NULL
2025-07-20 03:36:52.39+00,NULL,NULL,NULL,aa0ddd53-6915-411c-bf83-12324c280204,CreiuhfwdWCN5mJbMJtA9bBpYQrQF2tCBuZwSPWfpump,solana,Helius,WebHook,PYTHIA,PYTHIA,New,0.000426735,0.002007007,2006973.857,NULL,NULL,NULL,NULL,-1.379030051,NULL,NULL,NULL,NULL,NULL,-1.379030051,NULL,999983326,NULL,NULL,20-07-2025,NULL,1752982602,2025-07-20 03:36:42+00,2025-07-20 03:36:52.384+00,NULL,NULL
2025-07-20 03:36:52.386+00,NULL,NULL,NULL,8a1b7564-6299-442b-95c2-6418dc411fc4,CreiuhfwdWCN5mJbMJtA9bBpYQrQF2tCBuZwSPWfpump,solana,Helius,WebHook,PYTHIA,PYTHIA,New,0.000426735,0.002007007,2006973.857,NULL,NULL,NULL,NULL,-1.379030051,NULL,NULL,NULL,NULL,NULL,-1.379030051,NULL,999983326,NULL,NULL,20-07-2025,NULL,1752982602,2025-07-20 03:36:42+00,2025-07-20 03:36:52.381+00,NULL,NULL
2025-07-20 03:35:50.058+00,NULL,NULL,NULL,cd0c81a2-fad1-418a-85e2-c48475a8e40d,Em8WF6pg9FmKDy1dXkWhXxpgmfhj5Bes3ZCE8PCCJSHt,solana,Helius,WebHook,SHRUB,Shrub (Wormhole),New,2.77E-05,0.000130074,1797.906833,NULL,NULL,NULL,NULL,2.810415611,NULL,NULL,NULL,NULL,NULL,2.810415611,NULL,13822224.43,NULL,NULL,20-07-2025,NULL,1752982542,2025-07-20 03:35:42+00,2025-07-20 03:35:50.052+00,NULL,NULL
2025-07-20 03:35:50.054+00,NULL,NULL,NULL,5c61b0ed-28d9-452a-a504-d5ce6d2aac1d,Em8WF6pg9FmKDy1dXkWhXxpgmfhj5Bes3ZCE8PCCJSHt,solana,Helius,WebHook,SHRUB,Shrub (Wormhole),New,2.77E-05,0.000130074,1797.906833,NULL,NULL,NULL,NULL,2.810415611,NULL,NULL,NULL,NULL,NULL,2.810415611,NULL,13822224.43,NULL,NULL,20-07-2025,NULL,1752982542,2025-07-20 03:35:42+00,2025-07-20 03:35:50.05+00,NULL,NULL
2025-07-20 03:34:52.08+00,NULL,NULL,NULL,55fa4315-1596-4785-a7d9-7ef2ead29df3,E1jCTXdkMRoawoWoqfbhiNkkLbxcSHPssMo36U84pump,solana,Helius,WebHook,GFM,GoFundMeme,New,1.58E-05,7.42E-05,74177.69997,NULL,NULL,NULL,NULL,-30.69713274,NULL,NULL,NULL,NULL,NULL,-30.69713274,NULL,999992223.4,NULL,NULL,20-07-2025,NULL,1752982485,2025-07-20 03:34:45+00,2025-07-20 03:34:52.072+00,NULL,NULL
2025-07-20 03:23:23.207+00,NULL,NULL,NULL,cc1c0ad0-296e-4d32-a563-ceaa097e9c8f,CmpuL8k9KY3NrpfDRoJrVmuwd1zRMFRUxX55avyGpump,solana,Helius,WebHook,Jarvis,Jarvis,New,2.72E-06,1.28E-05,12566.06364,NULL,NULL,16.04377936,16.04377936,16.04377936,NULL,NULL,NULL,16.04377936,16.04377936,16.04377936,NULL,982651570.4,NULL,NULL,20-07-2025,NULL,1752981795,2025-07-20 03:23:15+00,2025-07-20 03:23:23.201+00,NULL,NULL
2025-07-20 03:23:22.327+00,NULL,NULL,NULL,50a30a82-2f01-4a60-a8e3-2fec5e098655,CmpuL8k9KY3NrpfDRoJrVmuwd1zRMFRUxX55avyGpump,solana,Helius,WebHook,Jarvis,Jarvis,New,2.72E-06,1.28E-05,12566.06364,NULL,NULL,16.04377936,16.04377936,16.04377936,NULL,NULL,NULL,16.04377936,16.04377936,16.04377936,NULL,982651570.4,NULL,NULL,20-07-2025,NULL,1752981795,2025-07-20 03:23:15+00,2025-07-20 03:23:22.323+00,NULL,NULL
2025-07-20 03:10:07.512+00,NULL,NULL,NULL,7eb255a9-2144-4498-80c5-19beb1ce8e1a,8XtRWb4uAAJFMP4QQhoYYCWR6XXb7ybcCdiqPwz9s5WS,solana,Helius,WebHook,ALON,alon,New,3.46E-05,0.000162814,162478.343,NULL,NULL,0,0,0,NULL,NULL,NULL,0,0,0,NULL,997941428.2,NULL,NULL,20-07-2025,NULL,1752980998,2025-07-20 03:09:58+00,2025-07-20 03:10:07.487+00,NULL,NULL
2025-07-20 03:10:07.459+00,NULL,NULL,NULL,fa5206b0-4971-4eff-b1e1-6324524ab4b3,8XtRWb4uAAJFMP4QQhoYYCWR6XXb7ybcCdiqPwz9s5WS,solana,Helius,WebHook,ALON,alon,New,3.46E-05,0.000162814,162478.343,NULL,NULL,NULL,NULL,NULL,NULL,NULL,NULL,NULL,NULL,NULL,NULL,997941428.2,NULL,NULL,20-07-2025,NULL,1752980998,2025-07-20 03:09:58+00,2025-07-20 03:10:07.449+00,NULL,NULL
2025-07-20 03:04:04.833+00,NULL,NULL,NULL,38d0901a-1cef-457c-81e5-82d840cfd4ea,Cy1GS2FqefgaMbi45UunrUzin1rfEmTUYnomddzBpump,solana,Helius,WebHook,MOBY,Moby AI,New,0.000132679,0.000624014,624012.2442,NULL,NULL,0,0,-5.994374018,NULL,NULL,NULL,0,0,-5.994374018,NULL,999997901.2,NULL,NULL,20-07-2025,NULL,1752980636,2025-07-20 03:03:56+00,2025-07-20 03:04:04.827+00,NULL,NULL
2025-07-20 03:04:01.767+00,NULL,NULL,NULL,5bfd2f4f-aaea-4848-9936-24d80a20d2a2,Cy1GS2FqefgaMbi45UunrUzin1rfEmTUYnomddzBpump,solana,Helius,WebHook,MOBY,Moby AI,New,0.000132679,0.000624014,624012.2442,NULL,NULL,NULL,NULL,-5.994374018,NULL,NULL,NULL,NULL,NULL,-5.994374018,NULL,999997901.2,NULL,NULL,20-07-2025,NULL,1752980636,2025-07-20 03:03:56+00,2025-07-20 03:04:01.76+00,NULL,NULL
2025-07-20 02:54:05.715+00,NULL,NULL,NULL,da06caaa-be5f-4232-b3b2-629555b97b6e,pepo1CFNU2RXf7yXX7HNXazXwxsq8WrPvDHpHriwoLY,solana,Helius,WebHook,PEPO,PEPO,New,2.08E-08,9.79E-08,97.65613082,NULL,NULL,0,-1.539785788,-1.539785788,NULL,NULL,NULL,0,-1.539785788,-1.539785788,NULL,997836864.3,NULL,NULL,20-07-2025,NULL,1752980039,2025-07-20 02:53:59+00,2025-07-20 02:54:05.709+00,NULL,NULL
2025-07-20 02:54:05.465+00,NULL,NULL,NULL,4eab0616-4b8e-4341-9527-81e921bd2105,pepo1CFNU2RXf7yXX7HNXazXwxsq8WrPvDHpHriwoLY,solana,Helius,WebHook,PEPO,PEPO,New,2.08E-08,9.79E-08,97.65613082,NULL,NULL,NULL,-1.539785788,-1.539785788,NULL,NULL,NULL,NULL,-1.539785788,-1.539785788,NULL,997836864.3,NULL,NULL,20-07-2025,NULL,1752980039,2025-07-20 02:53:59+00,2025-07-20 02:54:05.461+00,NULL,NULL
2025-07-20 02:46:12.531+00,NULL,NULL,NULL,d810514e-0acd-417c-8af4-dd489ed983d4,6dKCoWjpj5MFU5gWDEFdpUUeBasBLK3wLEwhUzQPAa1e,solana,Helius,WebHook,CHEX,Chintai,New,0.000547092,0.002573071,279370.6008,NULL,NULL,NULL,NULL,-8.070941896,NULL,NULL,NULL,NULL,NULL,-8.070941896,NULL,108574792.4,NULL,NULL,20-07-2025,NULL,1752979565,2025-07-20 02:46:05+00,2025-07-20 02:46:12.525+00,NULL,NULL
2025-07-20 02:27:59.04+00,NULL,NULL,NULL,97c14f73-7404-493e-958e-2325c338b779,CmpuL8k9KY3NrpfDRoJrVmuwd1zRMFRUxX55avyGpump,solana,Helius,WebHook,Jarvis,Jarvis,New,2.34E-06,1.10E-05,10828.72663,NULL,NULL,0,0,0,NULL,NULL,NULL,0,0,0,NULL,982651570.4,NULL,NULL,20-07-2025,NULL,1752978473,2025-07-20 02:27:53+00,2025-07-20 02:27:59.035+00,NULL,NULL
2025-07-20 02:27:59.027+00,NULL,NULL,NULL,0220c5be-b75f-47d7-8e18-e9253293533a,CmpuL8k9KY3NrpfDRoJrVmuwd1zRMFRUxX55avyGpump,solana,Helius,WebHook,Jarvis,Jarvis,New,2.34E-06,1.10E-05,10828.72663,NULL,NULL,NULL,NULL,NULL,NULL,NULL,NULL,NULL,NULL,NULL,NULL,982651570.4,NULL,NULL,20-07-2025,NULL,1752978473,2025-07-20 02:27:53+00,2025-07-20 02:27:59.021+00,NULL,NULL
2025-07-20 02:11:08.41+00,NULL,NULL,NULL,3b1b909e-2fdc-45ac-a612-9bf2dd25722c,JB2wezZLdzWfnaCfHxLg193RS3Rh51ThiXxEDWQDpump,solana,Helius,WebHook,LABUBU,LABUBU,New,7.88E-05,0.000370839,370020.3311,NULL,NULL,0,0,0,NULL,NULL,NULL,0,0,0,NULL,997793211,NULL,NULL,20-07-2025,NULL,1752977460,2025-07-20 02:11:00+00,2025-07-20 02:11:08.389+00,NULL,NULL
2025-07-20 02:11:08.213+00,NULL,NULL,NULL,fba705a2-dce5-4214-9af5-fc3d276630a8,JB2wezZLdzWfnaCfHxLg193RS3Rh51ThiXxEDWQDpump,solana,Helius,WebHook,LABUBU,LABUBU,New,7.88E-05,0.000370839,370020.3311,NULL,NULL,NULL,NULL,24.81959129,NULL,NULL,NULL,NULL,NULL,24.81959129,NULL,997793211,NULL,NULL,20-07-2025,NULL,1752977460,2025-07-20 02:11:00+00,2025-07-20 02:11:08.207+00,NULL,NULL
2025-07-20 02:08:05.726+00,NULL,NULL,NULL,f5e176d9-6e43-44ac-9086-9c531746b6eb,9BB6NFEcjBCtnNLFko2FqVQBq8HHM13kCyYcdQbgpump,solana,Helius,WebHook,Fartcoin ,Fartcoin ,New,0.008098345,0.038087932,38087753.09,NULL,NULL,NULL,0.123036984,0.123036984,NULL,NULL,NULL,NULL,0.123036984,0.123036984,NULL,999995298.1,NULL,NULL,20-07-2025,NULL,1752977278,2025-07-20 02:07:58+00,2025-07-20 02:08:05.71+00,NULL,NULL
2025-07-20 02:08:05.603+00,NULL,NULL,NULL,ff6b8e80-88f4-4703-9c28-90efbe031275,6ogzHhzdrQr9Pgv6hZ2MNze7UrzBMAFyBBWUYp1Fhitx,solana,Helius,WebHook,RETARDIO,RETARDIO,New,0.000120394,0.000566235,565975.2015,NULL,NULL,3.216270623,-1.93145251,-5.499882404,NULL,NULL,NULL,3.216270623,-1.93145251,-5.499882404,NULL,999540813.2,NULL,NULL,20-07-2025,NULL,1752977278,2025-07-20 02:07:58+00,2025-07-20 02:08:05.502+00,NULL,NULL
2025-07-20 02:08:05.6+00,NULL,NULL,NULL,cc42a4b0-88d8-4cd2-af91-0ef7637507b3,6ogzHhzdrQr9Pgv6hZ2MNze7UrzBMAFyBBWUYp1Fhitx,solana,Helius,WebHook,RETARDIO,RETARDIO,New,0.000120394,0.000566235,565975.2015,NULL,NULL,3.216270623,-1.93145251,-5.499882404,NULL,NULL,NULL,3.216270623,-1.93145251,-5.499882404,NULL,999540813.2,NULL,NULL,20-07-2025,NULL,1752977278,2025-07-20 02:07:58+00,2025-07-20 02:08:05.495+00,NULL,NULL
2025-07-20 02:08:05.004+00,NULL,NULL,NULL,a43491bc-8214-463b-96cc-554d39e83c5e,CzLSujWBLFsSjncfkh59rUFqvafWcY5tzedWJSuypump,solana,Helius,WebHook,GOAT,Goatseus Maximus,New,0.000727993,0.003423876,3423860.695,NULL,NULL,0,0,0,NULL,NULL,NULL,0,0,0,NULL,999995564.4,NULL,NULL,20-07-2025,NULL,1752977279,2025-07-20 02:07:59+00,2025-07-20 02:08:04.998+00,NULL,NULL
2025-07-20 02:08:04.959+00,NULL,NULL,NULL,f13248a8-f094-4d0e-ae4f-ba2ab1b57199,CzLSujWBLFsSjncfkh59rUFqvafWcY5tzedWJSuypump,solana,Helius,WebHook,GOAT,Goatseus Maximus,New,0.000727993,0.003423876,3423860.695,NULL,NULL,NULL,NULL,NULL,NULL,NULL,NULL,NULL,NULL,NULL,NULL,999995564.4,NULL,NULL,20-07-2025,NULL,1752977279,2025-07-20 02:07:59+00,2025-07-20 02:08:04.954+00,NULL,NULL
2025-07-20 02:06:22.963+00,NULL,NULL,NULL,2bff4313-867e-4a21-8d35-a3a243dd5535,6ogzHhzdrQr9Pgv6hZ2MNze7UrzBMAFyBBWUYp1Fhitx,solana,Helius,WebHook,RETARDIO,RETARDIO,New,0.000117707,0.000553596,553341.9588,NULL,NULL,0.912360131,-4.120459671,-7.609237946,NULL,NULL,NULL,0.912360131,-4.120459671,-7.609237946,NULL,999540813.2,NULL,NULL,20-07-2025,NULL,1752977176,2025-07-20 02:06:16+00,2025-07-20 02:06:22.955+00,NULL,NULL
2025-07-20 02:06:22.758+00,NULL,NULL,NULL,adfe27a2-6590-4c26-8b35-0a9fcf3f0ff9,6ogzHhzdrQr9Pgv6hZ2MNze7UrzBMAFyBBWUYp1Fhitx,solana,Helius,WebHook,RETARDIO,RETARDIO,New,0.000117707,0.000553596,553341.9588,NULL,NULL,0.912360131,-4.120459671,-7.609237946,NULL,NULL,NULL,0.912360131,-4.120459671,-7.609237946,NULL,999540813.2,NULL,NULL,20-07-2025,NULL,1752977176,2025-07-20 02:06:16+00,2025-07-20 02:06:22.753+00,NULL,NULL
2025-07-20 02:06:16.363+00,NULL,NULL,NULL,4cb4ffde-c869-45ef-bf59-72c4bebf50f1,6ogzHhzdrQr9Pgv6hZ2MNze7UrzBMAFyBBWUYp1Fhitx,solana,Helius,WebHook,RETARDIO,RETARDIO,New,0.000116946,0.000550019,549766.8797,NULL,NULL,0.260376916,-4.739926413,-8.20616409,NULL,NULL,NULL,0.260376916,-4.739926413,-8.20616409,NULL,999540813.2,NULL,NULL,20-07-2025,NULL,1752977167,2025-07-20 02:06:07+00,2025-07-20 02:06:16.359+00,NULL,NULL
2025-07-20 02:06:16.36+00,NULL,NULL,NULL,be5aacd5-a038-4fa0-9928-7a51b826cc20,6ogzHhzdrQr9Pgv6hZ2MNze7UrzBMAFyBBWUYp1Fhitx,solana,Helius,WebHook,RETARDIO,RETARDIO,New,0.000116946,0.000550019,549766.8797,NULL,NULL,0.260376916,-4.739926413,-8.20616409,NULL,NULL,NULL,0.260376916,-4.739926413,-8.20616409,NULL,999540813.2,NULL,NULL,20-07-2025,NULL,1752977167,2025-07-20 02:06:07+00,2025-07-20 02:06:16.355+00,NULL,NULL
2025-07-20 02:06:14.949+00,NULL,NULL,NULL,666b5e82-4c22-4b14-a849-a5086ea02328,6ogzHhzdrQr9Pgv6hZ2MNze7UrzBMAFyBBWUYp1Fhitx,solana,Helius,WebHook,RETARDIO,RETARDIO,New,0.000116643,0.000548591,548339.1312,NULL,NULL,NULL,-4.987317506,-8.444553339,NULL,NULL,NULL,NULL,-4.987317506,-8.444553339,NULL,999540813.2,NULL,NULL,20-07-2025,NULL,1752977167,2025-07-20 02:06:07+00,2025-07-20 02:06:14.943+00,NULL,NULL
2025-07-20 02:06:14.944+00,NULL,NULL,NULL,6335fcd1-a5b4-473e-86a0-d772f86fd80b,6ogzHhzdrQr9Pgv6hZ2MNze7UrzBMAFyBBWUYp1Fhitx,solana,Helius,WebHook,RETARDIO,RETARDIO,New,0.000116643,0.000548591,548339.1312,NULL,NULL,NULL,-4.987317506,-8.444553339,NULL,NULL,NULL,NULL,-4.987317506,-8.444553339,NULL,999540813.2,NULL,NULL,20-07-2025,NULL,1752977167,2025-07-20 02:06:07+00,2025-07-20 02:06:14.937+00,NULL,NULL
2025-07-20 01:24:44.445+00,NULL,NULL,NULL,11e1cdc9-b08a-474c-9624-7dd8513c4fc5,Be78Ld3SpYMif5YgxM4ipJx2eGSDcAaaCkHUzcV5pump,solana,Helius,WebHook,42069K,The Retirement Token,New,1.01E-05,4.75E-05,47455.00018,NULL,NULL,NULL,NULL,83.38690112,NULL,NULL,NULL,NULL,NULL,83.38690112,NULL,998128756.1,NULL,NULL,20-07-2025,NULL,1752974677,2025-07-20 01:24:37+00,2025-07-20 01:24:44.44+00,NULL,NULL
2025-07-20 01:24:44.438+00,NULL,NULL,NULL,cd1fd6f2-a992-408a-8ecd-4a4c355e2d5f,Be78Ld3SpYMif5YgxM4ipJx2eGSDcAaaCkHUzcV5pump,solana,Helius,WebHook,42069K,The Retirement Token,New,1.01E-05,4.75E-05,47455.00018,NULL,NULL,NULL,NULL,83.38690112,NULL,NULL,NULL,NULL,NULL,83.38690112,NULL,998128756.1,NULL,NULL,20-07-2025,NULL,1752974677,2025-07-20 01:24:37+00,2025-07-20 01:24:44.433+00,NULL,NULL
2025-07-20 01:00:44.863+00,NULL,NULL,NULL,42bf1442-7bf4-44fb-ac00-0c508ea36f9b,MEW1gQWJ3nEXg2qgERiKu7FAFj79PHvQVREQUzScPP5,solana,Helius,WebHook,MEW,cat in a dogs world,New,2.36E-05,0.00011115,9879723.716,NULL,NULL,NULL,NULL,7.74654687,NULL,NULL,NULL,NULL,NULL,7.74654687,NULL,88886197994,NULL,NULL,20-07-2025,NULL,1752973237,2025-07-20 01:00:37+00,2025-07-20 01:00:44.858+00,NULL,NULL
2025-07-20 00:23:02.221+00,NULL,NULL,NULL,5d704415-710b-4f5b-a0c8-557f71877bbd,9BB6NFEcjBCtnNLFko2FqVQBq8HHM13kCyYcdQbgpump,solana,Helius,WebHook,Fartcoin ,Fartcoin ,New,0.008088394,0.038041128,38040948.66,NULL,NULL,0,0,0,NULL,NULL,NULL,0,0,0,NULL,999995298.1,NULL,NULL,20-07-2025,NULL,1752970974,2025-07-20 00:22:54+00,2025-07-20 00:23:02.214+00,NULL,NULL
2025-07-20 00:23:02.162+00,NULL,NULL,NULL,0cfdfc00-7058-4a4e-9e7e-8e7794deac73,9BB6NFEcjBCtnNLFko2FqVQBq8HHM13kCyYcdQbgpump,solana,Helius,WebHook,Fartcoin ,Fartcoin ,New,0.008088394,0.038041128,38040948.66,NULL,NULL,NULL,NULL,NULL,NULL,NULL,NULL,NULL,NULL,NULL,NULL,999995298.1,NULL,NULL,20-07-2025,NULL,1752970974,2025-07-20 00:22:54+00,2025-07-20 00:23:02.155+00,NULL,NULL
2025-07-20 00:17:33.308+00,NULL,NULL,NULL,533635f7-1d9d-4059-b38b-8559abcd6f7b,EJPtJEDogxzDbvM8qvAsqYbLmPj5n1vQeqoAzj9Yfv3q,solana,Helius,WebHook,bozo,bozo,New,6.41E-05,0.000301638,240998.9611,NULL,NULL,1.324473064,1.324473064,1.324473064,NULL,NULL,NULL,1.324473064,1.324473064,1.324473064,NULL,798967091.7,NULL,NULL,20-07-2025,NULL,1752970645,2025-07-20 00:17:25+00,2025-07-20 00:17:33.303+00,NULL,NULL
2025-07-20 00:17:33.276+00,NULL,NULL,NULL,fd9468dc-e090-47a7-8321-b3ed411370ac,EJPtJEDogxzDbvM8qvAsqYbLmPj5n1vQeqoAzj9Yfv3q,solana,Helius,WebHook,bozo,bozo,New,6.41E-05,0.000301638,240998.9611,NULL,NULL,1.324473064,1.324473064,1.324473064,NULL,NULL,NULL,1.324473064,1.324473064,1.324473064,NULL,798967091.7,NULL,NULL,20-07-2025,NULL,1752970645,2025-07-20 00:17:25+00,2025-07-20 00:17:33.269+00,NULL,NULL
2025-07-20 00:02:52.746+00,NULL,NULL,NULL,a42d6fe2-9467-40c1-a6f3-020ccea63616,CqGMgsUDbj1XnKe45FbzZLd64MivoKPSgnZQJb3emoon,solana,Helius,WebHook,FIT,OFFICIAL RAY LEWIS,New,5.58E-07,2.62E-06,2601.961934,NULL,NULL,0,0,0,NULL,NULL,NULL,0,0,0,NULL,991724654.8,NULL,NULL,20-07-2025,NULL,1752969741,2025-07-20 00:02:21+00,2025-07-20 00:02:52.741+00,NULL,NULL
2025-07-20 00:02:52.732+00,NULL,NULL,NULL,1f5101a6-ba09-41f7-be79-515ff42db8c8,CqGMgsUDbj1XnKe45FbzZLd64MivoKPSgnZQJb3emoon,solana,Helius,WebHook,FIT,OFFICIAL RAY LEWIS,New,5.58E-07,2.62E-06,2601.961934,NULL,NULL,NULL,NULL,NULL,NULL,NULL,NULL,NULL,NULL,NULL,NULL,991724654.8,NULL,NULL,20-07-2025,NULL,1752969741,2025-07-20 00:02:21+00,2025-07-20 00:02:52.726+00,NULL,NULL
2025-07-19 23:55:43.452+00,NULL,NULL,NULL,d5d88642-fddd-4391-84d7-68b87de0e5fc,EJPtJEDogxzDbvM8qvAsqYbLmPj5n1vQeqoAzj9Yfv3q,solana,Helius,WebHook,bozo,bozo,New,6.33E-05,0.000297695,237848.7189,NULL,NULL,NULL,NULL,4.936653507,NULL,NULL,NULL,NULL,NULL,4.936653507,NULL,798967091.7,NULL,NULL,20-07-2025,NULL,1752969335,2025-07-19 23:55:35+00,2025-07-19 23:55:43.448+00,NULL,NULL
2025-07-19 23:55:43.452+00,NULL,NULL,NULL,be3dc9ea-dc69-4304-825e-9fdc26acbd7c,EJPtJEDogxzDbvM8qvAsqYbLmPj5n1vQeqoAzj9Yfv3q,solana,Helius,WebHook,bozo,bozo,New,6.33E-05,0.000297695,237848.7189,NULL,NULL,NULL,NULL,4.936653507,NULL,NULL,NULL,NULL,NULL,4.936653507,NULL,798967091.7,NULL,NULL,20-07-2025,NULL,1752969335,2025-07-19 23:55:35+00,2025-07-19 23:55:43.447+00,NULL,NULL
2025-07-19 23:47:11.284+00,NULL,NULL,NULL,bf83d3d4-6e36-4305-8f35-1f0b0ba28385,DtR4D9FtVoTX2569gaL837ZgrB6wNjj6tkmnX9Rdk9B2,solana,Helius,WebHook,aura,aura,New,0.001212007,0.00570028,5491056.045,NULL,NULL,0,0,0,NULL,NULL,NULL,0,0,0,NULL,963295894.9,NULL,NULL,20-07-2025,NULL,1752968824,2025-07-19 23:47:04+00,2025-07-19 23:47:11.279+00,NULL,NULL
2025-07-19 23:47:11.258+00,NULL,NULL,NULL,204eb8bb-bd60-4c9f-992b-c9808b9cbb18,DtR4D9FtVoTX2569gaL837ZgrB6wNjj6tkmnX9Rdk9B2,solana,Helius,WebHook,aura,aura,New,0.001212007,0.00570028,5491056.045,NULL,NULL,NULL,4.134359915,4.134359915,NULL,NULL,NULL,NULL,4.134359915,4.134359915,NULL,963295894.9,NULL,NULL,20-07-2025,NULL,1752968824,2025-07-19 23:47:04+00,2025-07-19 23:47:11.253+00,NULL,NULL
2025-07-19 23:22:01.113+00,NULL,NULL,NULL,99e77b84-3a94-4377-a2dd-81bd56ce75a3,pepo1CFNU2RXf7yXX7HNXazXwxsq8WrPvDHpHriwoLY,solana,Helius,WebHook,PEPO,PEPO,New,2.11E-08,9.94E-08,99.18334182,NULL,NULL,0,0,0,NULL,NULL,NULL,0,0,0,NULL,997836864.3,NULL,NULL,20-07-2025,NULL,1752967314,2025-07-19 23:21:54+00,2025-07-19 23:22:01.107+00,NULL,NULL
2025-07-19 23:22:00.928+00,NULL,NULL,NULL,de54131d-ed7c-49ca-9f48-9ea7f0c03012,pepo1CFNU2RXf7yXX7HNXazXwxsq8WrPvDHpHriwoLY,solana,Helius,WebHook,PEPO,PEPO,New,2.11E-08,9.94E-08,99.18334182,NULL,NULL,0.081335811,0.081335811,-99.94153783,NULL,NULL,NULL,0.081335811,0.081335811,-99.94153783,NULL,997836864.3,NULL,NULL,20-07-2025,NULL,1752967314,2025-07-19 23:21:54+00,2025-07-19 23:22:00.923+00,NULL,NULL
2025-07-19 23:19:49.735+00,NULL,NULL,NULL,c3babbbb-8707-41d9-8dea-b129a4cc5af6,pepo1CFNU2RXf7yXX7HNXazXwxsq8WrPvDHpHriwoLY,solana,Helius,WebHook,PEPO,PEPO,New,2.11E-08,9.93E-08,99.1027358,NULL,NULL,0,0,-99.94158535,NULL,NULL,NULL,0,0,-99.94158535,NULL,997836864.3,NULL,NULL,20-07-2025,NULL,1752967183,2025-07-19 23:19:43+00,2025-07-19 23:19:49.729+00,NULL,NULL
2025-07-19 23:19:49.542+00,NULL,NULL,NULL,4e476a50-0da5-44b4-9c67-03cc5a07481b,pepo1CFNU2RXf7yXX7HNXazXwxsq8WrPvDHpHriwoLY,solana,Helius,WebHook,PEPO,PEPO,New,2.11E-08,9.93E-08,99.1027358,NULL,NULL,NULL,NULL,-99.94158535,NULL,NULL,NULL,NULL,NULL,-99.94158535,NULL,997836864.3,NULL,NULL,20-07-2025,NULL,1752967183,2025-07-19 23:19:43+00,2025-07-19 23:19:49.538+00,NULL,NULL
2025-07-19 23:11:25.141+00,NULL,NULL,NULL,d8d9259e-332b-4bb1-8a61-d79053e52e84,oraiBbhuMd7MeVxyBjtnK8sggprf2NpHkeJaeHzpBFK,solana,Helius,WebHook,BANKER,BANKER - A MAX AGENT,New,1.33E-06,6.25E-06,6246.958737,NULL,NULL,NULL,NULL,NULL,NULL,NULL,NULL,NULL,NULL,NULL,NULL,999995320.2,NULL,NULL,20-07-2025,NULL,1752966679,2025-07-19 23:11:19+00,2025-07-19 23:11:25.137+00,NULL,NULL
2025-07-19 23:11:25.134+00,NULL,NULL,NULL,a8987e98-38fa-45e2-9e23-80013ec73c49,oraiBbhuMd7MeVxyBjtnK8sggprf2NpHkeJaeHzpBFK,solana,Helius,WebHook,BANKER,BANKER - A MAX AGENT,New,1.33E-06,6.25E-06,6246.958737,NULL,NULL,NULL,NULL,NULL,NULL,NULL,NULL,NULL,NULL,NULL,NULL,999995320.2,NULL,NULL,20-07-2025,NULL,1752966679,2025-07-19 23:11:19+00,2025-07-19 23:11:25.129+00,NULL,NULL
2025-07-19 23:03:05.385+00,NULL,NULL,NULL,1f6f7730-d8d6-452e-8183-0c7ae683a650,2eXamy7t3kvKhfV6aJ6Uwe3eh8cuREFcTKs1mFKZpump,solana,Helius,WebHook,nuit,nuit,New,8.74E-05,0.000411242,411240.3833,NULL,NULL,NULL,NULL,-0.88287102,NULL,NULL,NULL,NULL,NULL,-0.88287102,NULL,999996431.1,NULL,NULL,20-07-2025,NULL,1752966179,2025-07-19 23:02:59+00,2025-07-19 23:03:05.379+00,NULL,NULL
